0,about
1,above
2,abuse
3,actor
4,acute
5,admit
6,adopt
7,adult
8,after
9,again
10,agent
11,agree
12,ahead
13,alarm
14,album
15,alert
16,alike
17,alive
18,allow
19,alone
20,along
21,alter
22,among
23,anger
24,Angle
25,angry
26,apart
27,apple
28,apply
29,arena
30,argue
31,arise
32,array
33,aside
34,asset
35,audio
36,audit
37,avoid
38,award
39,aware
40,badly
41,baker
42,bases
43,basic
44,basis
45,beach
46,began
47,begin
48,begun
49,being
50,below
51,bench
52,billy
53,birth
54,black
55,blame
56,blind
57,block
58,blood
59,board
60,boost
61,booth
62,bound
63,brain
64,brand
65,bread
66,break
67,breed
68,brief
69,bring
70,broad
71,broke
72,brown
73,build
74,built
75,buyer
76,cable
77,calif
78,carry
79,catch
80,cause
81,chain
82,chair
83,chart
84,chase
85,cheap
86,check
87,chest
88,chief
89,child
90,china
91,chose
92,civil
93,claim
94,class
95,clean
96,clear
97,click
98,clock
99,close
100,coach
101,coast
102,could
103,count
104,court
105,cover
106,craft
107,crash
108,cream
109,crime
110,cross
111,crowd
112,crown
113,curve
114,cycle
115,daily
116,dance
117,dated
118,dealt
119,death
120,debut
121,delay
122,depth
123,doing
124,doubt
125,dozen
126,draft
127,drama
128,drawn
129,dream
130,dress
131,drill
132,drink
133,drive
134,drove
135,dying
136,eager
137,early
138,earth
139,eight
140,elite
141,empty
142,enemy
143,enjoy
144,enter
145,entry
146,equal
147,error
148,event
149,every
150,exact
151,exist
152,extra
153,faith
154,false
155,fault
156,fiber
157,field
158,fifth
159,fifty
160,fight
161,final
162,first
163,fixed
164,flash
165,fleet
166,floor
167,fluid
168,focus
169,force
170,forth
171,forty
172,forum
173,found
174,frame
175,frank
176,fraud
177,fresh
178,front
179,fruit
180,fully
181,funny
182,giant
183,given
184,glass
185,globe
186,going
187,grace
188,grade
189,grand
190,grant
191,grass
192,great
193,green
194,gross
195,group
196,grown
197,guard
198,guess
199,guest
200,guide
201,happy
202,harry
203,heart
204,heavy
205,hence
206,henry
207,horse
208,hotel
209,house
210,human
211,ideal
212,image
213,index
214,inner
215,input
216,issue
217,japan
218,jimmy
219,joint
220,jones
221,judge
222,known
223,label
224,large
225,laser
226,later
227,laugh
228,layer
229,learn
230,lease
231,least
232,leave
233,legal
234,level
235,lewis
236,light
237,limit
238,links
239,lives
240,local
241,logic
242,loose
243,lower
244,lucky
245,lunch
246,lying
247,magic
248,major
249,maker
250,march
251,maria
252,match
253,maybe
254,mayor
255,meant
256,media
257,metal
258,might
259,minor
260,minus
261,mixed
262,model
263,money
264,month
265,moral
266,motor
267,mount
268,mouse
269,mouth
270,movie
271,music
272,needs
273,never
274,newly
275,night
276,noise
277,north
278,noted
279,novel
280,nurse
281,occur
282,ocean
283,offer
284,often
285,order
286,other
287,ought
288,paint
289,panel
290,paper
291,party
292,peace
293,peter
294,phase
295,phone
296,photo
297,piece
298,pilot
299,pitch
300,place
301,plain
302,plane
303,plant
304,plate
305,point
306,pound
307,power
308,press
309,price
310,pride
311,prime
312,print
313,prior
314,prize
315,proof
316,proud
317,prove
318,queen
319,quick
320,quiet
321,quite
322,radio
323,raise
324,range
325,rapid
326,ratio
327,reach
328,ready
329,refer
330,right
331,rival
332,river
333,robin
334,roger
335,roman
336,rough
337,round
338,route
339,royal
340,rural
341,scale
342,scene
343,scope
344,score
345,sense
346,serve
347,seven
348,shall
349,shape
350,share
351,sharp
352,sheet
353,shelf
354,shell
355,shift
356,shirt
357,shock
358,shoot
359,short
360,shown
361,sight
362,since
363,sixth
364,sixty
365,sized
366,skill
367,sleep
368,slide
369,small
370,smart
371,smile
372,smith
373,smoke
374,solid
375,solve
376,sorry
377,sound
378,south
379,space
380,spare
381,speak
382,speed
383,spend
384,spent
385,split
386,spoke
387,sport
388,staff
389,stage
390,stake
391,stand
392,start
393,state
394,steam
395,steel
396,stick
397,still
398,stock
399,stone
400,stood
401,store
402,storm
403,story
404,strip
405,stuck
406,study
407,stuff
408,style
409,sugar
410,suite
411,super
412,sweet
413,table
414,taken
415,taste
416,taxes
417,teach
418,teeth
419,terry
420,texas
421,thank
422,theft
423,their
424,theme
425,there
426,these
427,thick
428,thing
429,think
430,third
431,those
432,three
433,threw
434,throw
435,tight
436,times
437,tired
438,title
439,today
440,topic
441,total
442,touch
443,tough
444,tower
445,track
446,trade
447,train
448,treat
449,trend
450,trial
451,tried
452,tries
453,truck
454,truly
455,trust
456,truth
457,twice
458,under
459,undue
460,union
461,unity
462,until
463,upper
464,upset
465,urban
466,usage
467,usual
468,valid
469,value
470,video
471,virus
472,visit
473,vital
474,voice
475,waste
476,watch
477,water
478,wheel
479,where
480,which
481,while
482,white
483,whole
484,whose
485,woman
486,women
487,world
488,worry
489,worse
490,worst
491,worth
492,would
493,wound
494,write
495,wrong
